text,category
The new quantum computer achieves unprecedented processing speeds. ,Technology
The annual music awards show featured surprise performances. ,Entertainment
The annual music awards show featured surprise performances. What a time to be alive.,Entertainment
The upcoming election is seeing record voter registration numbers. It was unexpected.,Politics
"The tennis match lasted over five hours, ending in a spectacular tiebreak. What a time to be alive.",Sports
A major tech company unveiled its new smartphone with a revolutionary screen. Experts say this is huge.,Technology
Critics are praising the new drama series on the streaming platform. ,Entertainment
Artificial intelligence is rapidly transforming the software industry. More details at 11.,Technology
Unemployment figures dropped significantly this quarter. What a time to be alive.,Business
Inflation rates have caused a rise in consumer goods prices. It was unexpected.,Business
A new world record was set in the 100m sprint. What a time to be alive.,Sports
The star quarterback was injured during the first quarter. More details at 11.,Sports
Stock markets reached an all-time high amidst economic recovery. More details at 11.,Business
Stock markets reached an all-time high amidst economic recovery. More details at 11.,Business
The celebrity couple announced their engagement on social media. It was unexpected.,Entertainment
"The tennis match lasted over five hours, ending in a spectacular tiebreak. More details at 11.",Sports
The senate debated the budget proposal for next fiscal year. What a time to be alive.,Politics
Stock markets reached an all-time high amidst economic recovery. More details at 11.,Business
The senate debated the budget proposal for next fiscal year. ,Politics
The local team won the championship in a thrilling final match. ,Sports
The merger between the two corporate giants was finalized. Experts say this is huge.,Business
The new quantum computer achieves unprecedented processing speeds. What a time to be alive.,Technology
The annual music awards show featured surprise performances. Experts say this is huge.,Entertainment
The merger between the two corporate giants was finalized. More details at 11.,Business
Stock markets reached an all-time high amidst economic recovery. More details at 11.,Business
Local council members voted against the new zoning regulations. More details at 11.,Politics
A new cybersecurity flaw was discovered in the popular web browser. What a time to be alive.,Technology
The prime minister met with foreign delegates to discuss trade. It was unexpected.,Politics
Artificial intelligence is rapidly transforming the software industry. Experts say this is huge.,Technology
The star quarterback was injured during the first quarter. ,Sports
The new blockbuster movie broke box office records on its opening weekend. ,Entertainment
The president signed a new bill into law today regarding healthcare. It was unexpected.,Politics
The local team won the championship in a thrilling final match. Experts say this is huge.,Sports
Local council members voted against the new zoning regulations. What a time to be alive.,Politics
Cloud computing adoption continues to rise among small businesses. What a time to be alive.,Technology
Cloud computing adoption continues to rise among small businesses. Experts say this is huge.,Technology
"The tennis match lasted over five hours, ending in a spectacular tiebreak. ",Sports
The startup raised $50 million in its latest funding round. What a time to be alive.,Business
The local team won the championship in a thrilling final match. It was unexpected.,Sports
A new cybersecurity flaw was discovered in the popular web browser. ,Technology
The new quantum computer achieves unprecedented processing speeds. What a time to be alive.,Technology
Stock markets reached an all-time high amidst economic recovery. What a time to be alive.,Business
Artificial intelligence is rapidly transforming the software industry. More details at 11.,Technology
Olympic athletes are preparing for the upcoming summer games. What a time to be alive.,Sports
The startup raised $50 million in its latest funding round. Experts say this is huge.,Business
The celebrity couple announced their engagement on social media. It was unexpected.,Entertainment
Cloud computing adoption continues to rise among small businesses. More details at 11.,Technology
The new blockbuster movie broke box office records on its opening weekend. More details at 11.,Entertainment
The famous pop star announced a worldwide stadium tour. What a time to be alive.,Entertainment
Inflation rates have caused a rise in consumer goods prices. More details at 11.,Business
Stock markets reached an all-time high amidst economic recovery. More details at 11.,Business
A major tech company unveiled its new smartphone with a revolutionary screen. What a time to be alive.,Technology
Cloud computing adoption continues to rise among small businesses. More details at 11.,Technology
A major tech company unveiled its new smartphone with a revolutionary screen. What a time to be alive.,Technology
The local team won the championship in a thrilling final match. More details at 11.,Sports
The prime minister met with foreign delegates to discuss trade. It was unexpected.,Politics
The annual music awards show featured surprise performances. Experts say this is huge.,Entertainment
Cloud computing adoption continues to rise among small businesses. What a time to be alive.,Technology
The star quarterback was injured during the first quarter. It was unexpected.,Sports
The upcoming election is seeing record voter registration numbers. What a time to be alive.,Politics
The annual music awards show featured surprise performances. It was unexpected.,Entertainment
Olympic athletes are preparing for the upcoming summer games. It was unexpected.,Sports
The local team won the championship in a thrilling final match. ,Sports
The famous pop star announced a worldwide stadium tour. What a time to be alive.,Entertainment
Olympic athletes are preparing for the upcoming summer games. It was unexpected.,Sports
The famous pop star announced a worldwide stadium tour. What a time to be alive.,Entertainment
Cloud computing adoption continues to rise among small businesses. Experts say this is huge.,Technology
The annual music awards show featured surprise performances. It was unexpected.,Entertainment
The senate debated the budget proposal for next fiscal year. More details at 11.,Politics
The new blockbuster movie broke box office records on its opening weekend. What a time to be alive.,Entertainment
The celebrity couple announced their engagement on social media. What a time to be alive.,Entertainment
The senate debated the budget proposal for next fiscal year. What a time to be alive.,Politics
The annual music awards show featured surprise performances. ,Entertainment
The startup raised $50 million in its latest funding round. Experts say this is huge.,Business
The president signed a new bill into law today regarding healthcare. More details at 11.,Politics
The upcoming election is seeing record voter registration numbers. It was unexpected.,Politics
Inflation rates have caused a rise in consumer goods prices. Experts say this is huge.,Business
Stock markets reached an all-time high amidst economic recovery. ,Business
The famous pop star announced a worldwide stadium tour. It was unexpected.,Entertainment
The new quantum computer achieves unprecedented processing speeds. Experts say this is huge.,Technology
The startup raised $50 million in its latest funding round. What a time to be alive.,Business
A new world record was set in the 100m sprint. ,Sports
The upcoming election is seeing record voter registration numbers. It was unexpected.,Politics
The startup raised $50 million in its latest funding round. More details at 11.,Business
The upcoming election is seeing record voter registration numbers. It was unexpected.,Politics
The new quantum computer achieves unprecedented processing speeds. ,Technology
Cloud computing adoption continues to rise among small businesses. It was unexpected.,Technology
"The tennis match lasted over five hours, ending in a spectacular tiebreak. ",Sports
A new cybersecurity flaw was discovered in the popular web browser. What a time to be alive.,Technology
The merger between the two corporate giants was finalized. What a time to be alive.,Business
The merger between the two corporate giants was finalized. More details at 11.,Business
Critics are praising the new drama series on the streaming platform. What a time to be alive.,Entertainment
The new quantum computer achieves unprecedented processing speeds. ,Technology
The new blockbuster movie broke box office records on its opening weekend. ,Entertainment
The merger between the two corporate giants was finalized. What a time to be alive.,Business
The president signed a new bill into law today regarding healthcare. ,Politics
"The tennis match lasted over five hours, ending in a spectacular tiebreak. What a time to be alive.",Sports
The president signed a new bill into law today regarding healthcare. More details at 11.,Politics
"The tennis match lasted over five hours, ending in a spectacular tiebreak. What a time to be alive.",Sports
Local council members voted against the new zoning regulations. More details at 11.,Politics
The local team won the championship in a thrilling final match. What a time to be alive.,Sports
Inflation rates have caused a rise in consumer goods prices. What a time to be alive.,Business
A major tech company unveiled its new smartphone with a revolutionary screen. What a time to be alive.,Technology
The merger between the two corporate giants was finalized. More details at 11.,Business
"The tennis match lasted over five hours, ending in a spectacular tiebreak. Experts say this is huge.",Sports
The prime minister met with foreign delegates to discuss trade. What a time to be alive.,Politics
A major tech company unveiled its new smartphone with a revolutionary screen. More details at 11.,Technology
Cloud computing adoption continues to rise among small businesses. ,Technology
A new world record was set in the 100m sprint. What a time to be alive.,Sports
The celebrity couple announced their engagement on social media. Experts say this is huge.,Entertainment
The annual music awards show featured surprise performances. Experts say this is huge.,Entertainment
The new quantum computer achieves unprecedented processing speeds. What a time to be alive.,Technology
Unemployment figures dropped significantly this quarter. ,Business
The annual music awards show featured surprise performances. Experts say this is huge.,Entertainment
A new world record was set in the 100m sprint. More details at 11.,Sports
The new quantum computer achieves unprecedented processing speeds. Experts say this is huge.,Technology
The star quarterback was injured during the first quarter. More details at 11.,Sports
Stock markets reached an all-time high amidst economic recovery. What a time to be alive.,Business
Local council members voted against the new zoning regulations. What a time to be alive.,Politics
Olympic athletes are preparing for the upcoming summer games. More details at 11.,Sports
Stock markets reached an all-time high amidst economic recovery. More details at 11.,Business
The upcoming election is seeing record voter registration numbers. What a time to be alive.,Politics
The local team won the championship in a thrilling final match. It was unexpected.,Sports
The annual music awards show featured surprise performances. More details at 11.,Entertainment
The merger between the two corporate giants was finalized. It was unexpected.,Business
Artificial intelligence is rapidly transforming the software industry. ,Technology
A new world record was set in the 100m sprint. Experts say this is huge.,Sports
The local team won the championship in a thrilling final match. It was unexpected.,Sports
The local team won the championship in a thrilling final match. It was unexpected.,Sports
The president signed a new bill into law today regarding healthcare. More details at 11.,Politics
"The tennis match lasted over five hours, ending in a spectacular tiebreak. ",Sports
The merger between the two corporate giants was finalized. More details at 11.,Business
A new cybersecurity flaw was discovered in the popular web browser. Experts say this is huge.,Technology
The celebrity couple announced their engagement on social media. More details at 11.,Entertainment
The upcoming election is seeing record voter registration numbers. Experts say this is huge.,Politics
A new world record was set in the 100m sprint. Experts say this is huge.,Sports
Cloud computing adoption continues to rise among small businesses. ,Technology
Olympic athletes are preparing for the upcoming summer games. What a time to be alive.,Sports
The new quantum computer achieves unprecedented processing speeds. ,Technology
The star quarterback was injured during the first quarter. What a time to be alive.,Sports
Unemployment figures dropped significantly this quarter. What a time to be alive.,Business
The prime minister met with foreign delegates to discuss trade. It was unexpected.,Politics
The new quantum computer achieves unprecedented processing speeds. It was unexpected.,Technology
Inflation rates have caused a rise in consumer goods prices. ,Business
The celebrity couple announced their engagement on social media. More details at 11.,Entertainment
The annual music awards show featured surprise performances. More details at 11.,Entertainment
The president signed a new bill into law today regarding healthcare. Experts say this is huge.,Politics
Stock markets reached an all-time high amidst economic recovery. More details at 11.,Business
Local council members voted against the new zoning regulations. Experts say this is huge.,Politics
The star quarterback was injured during the first quarter. What a time to be alive.,Sports
The new quantum computer achieves unprecedented processing speeds. ,Technology
The local team won the championship in a thrilling final match. ,Sports
Local council members voted against the new zoning regulations. What a time to be alive.,Politics
The celebrity couple announced their engagement on social media. Experts say this is huge.,Entertainment
Stock markets reached an all-time high amidst economic recovery. It was unexpected.,Business
A new world record was set in the 100m sprint. More details at 11.,Sports
Artificial intelligence is rapidly transforming the software industry. It was unexpected.,Technology
Unemployment figures dropped significantly this quarter. It was unexpected.,Business
Critics are praising the new drama series on the streaming platform. What a time to be alive.,Entertainment
The famous pop star announced a worldwide stadium tour. More details at 11.,Entertainment
Critics are praising the new drama series on the streaming platform. It was unexpected.,Entertainment
The startup raised $50 million in its latest funding round. ,Business
Critics are praising the new drama series on the streaming platform. More details at 11.,Entertainment
The prime minister met with foreign delegates to discuss trade. It was unexpected.,Politics
The upcoming election is seeing record voter registration numbers. Experts say this is huge.,Politics
Inflation rates have caused a rise in consumer goods prices. More details at 11.,Business
The prime minister met with foreign delegates to discuss trade. It was unexpected.,Politics
Artificial intelligence is rapidly transforming the software industry. ,Technology
The celebrity couple announced their engagement on social media. What a time to be alive.,Entertainment
The new blockbuster movie broke box office records on its opening weekend. It was unexpected.,Entertainment
Inflation rates have caused a rise in consumer goods prices. It was unexpected.,Business
The prime minister met with foreign delegates to discuss trade. Experts say this is huge.,Politics
The merger between the two corporate giants was finalized. ,Business
The famous pop star announced a worldwide stadium tour. It was unexpected.,Entertainment
The upcoming election is seeing record voter registration numbers. Experts say this is huge.,Politics
The president signed a new bill into law today regarding healthcare. More details at 11.,Politics
The prime minister met with foreign delegates to discuss trade. It was unexpected.,Politics
The new quantum computer achieves unprecedented processing speeds. Experts say this is huge.,Technology
A new cybersecurity flaw was discovered in the popular web browser. ,Technology
Critics are praising the new drama series on the streaming platform. More details at 11.,Entertainment
Olympic athletes are preparing for the upcoming summer games. Experts say this is huge.,Sports
The new quantum computer achieves unprecedented processing speeds. ,Technology
The merger between the two corporate giants was finalized. ,Business
The upcoming election is seeing record voter registration numbers. Experts say this is huge.,Politics
The new blockbuster movie broke box office records on its opening weekend. It was unexpected.,Entertainment
Local council members voted against the new zoning regulations. It was unexpected.,Politics
"The tennis match lasted over five hours, ending in a spectacular tiebreak. More details at 11.",Sports
The startup raised $50 million in its latest funding round. What a time to be alive.,Business
Cloud computing adoption continues to rise among small businesses. ,Technology
The local team won the championship in a thrilling final match. What a time to be alive.,Sports
A major tech company unveiled its new smartphone with a revolutionary screen. More details at 11.,Technology
The president signed a new bill into law today regarding healthcare. More details at 11.,Politics
The new blockbuster movie broke box office records on its opening weekend. What a time to be alive.,Entertainment
The senate debated the budget proposal for next fiscal year. It was unexpected.,Politics
The local team won the championship in a thrilling final match. It was unexpected.,Sports
The new blockbuster movie broke box office records on its opening weekend. ,Entertainment
The famous pop star announced a worldwide stadium tour. ,Entertainment
The prime minister met with foreign delegates to discuss trade. Experts say this is huge.,Politics
The senate debated the budget proposal for next fiscal year. It was unexpected.,Politics
Unemployment figures dropped significantly this quarter. ,Business
